ID,Year,HostCountry,MatchType,MatchPeriod,FirstBattingCountry,SecondBattingCountry,FirstBattingCountryScore,SecondBattingCountryScore,WinningCountry,WCC,Margin,MarginType,Series,SeasonWinner
'1',2023,'India','Final','Day Night','India','Australia',240,241,'Australia',AUS,6,'wickets','ICC Cricket World Cup','Australia'
'2',2023,'India','2nd Semi-Final','Day Night','South Africa','Australia',212,215,'Australia',AUS,3,'wickets','ICC Cricket World Cup','Australia'
'3',2023,'India','1st Semi-Final','Day Night','India','New Zealand',397,327,'India',IND,70,'runs','ICC Cricket World Cup','Australia'
'4',2023,'India','League','Day Night','India','Netherlands',410,250,'India',IND,160,'runs','ICC Cricket World Cup','Australia'
'5',2023,'India','League','Day Night','England','Pakistan',337,244,'England',ENG,93,'runs','ICC Cricket World Cup','Australia'
'6',2023,'India','League','Day','Bangladesh','Australia',306,307,'Australia',AUS,8,'wickets','ICC Cricket World Cup','Australia'
'7',2023,'India','League','Day Night','Afghanistan','South Africa',244,247,'South Africa',SAF,5,'wickets','ICC Cricket World Cup','Australia'
'8',2023,'India','League','Day Night','Sri Lanka','New Zealand',171,172,'New Zealand',NZ,5,'wickets','ICC Cricket World Cup','Australia'
'9',2023,'India','League','Day Night','England','Netherlands',339,179,'England',ENG,160,'runs','ICC Cricket World Cup','Australia'
'10',2023,'India','League','Day Night','Afghanistan','Australia',291,293,'Australia',AUS,3,'wickets','ICC Cricket World Cup','Australia'
'11',2023,'India','League','Day Night','Sri Lanka','Bangladesh',279,282,'Bangladesh',BAN,3,'wickets','ICC Cricket World Cup','Australia'
'12',2023,'India','League','Day Night','India','South Africa',326,83,'India',IND,243,'runs','ICC Cricket World Cup','Australia'
'13',2023,'India','League','Day Night','Australia','England',286,253,'Australia',AUS,33,'runs','ICC Cricket World Cup','Australia'
'14',2023,'India','League','Day','New Zealand','Pakistan',401,200,'Pakistan',PAK,21,'runs','ICC Cricket World Cup','Australia'
'15',2023,'India','League','Day Night','Netherlands','Afghanistan',179,181,'Afghanistan',AFG,7,'wickets','ICC Cricket World Cup','Australia'
'16',2023,'India','League','Day Night','India','Sri Lanka',357,55,'India',IND,302,'runs','ICC Cricket World Cup','Australia'
'17',2023,'India','League','Day Night','South Africa','New Zealand',357,167,'South Africa',SAF,190,'runs','ICC Cricket World Cup','Australia'
'18',2023,'India','League','Day Night','Bangladesh','Pakistan',204,205,'Pakistan',PAK,7,'wickets','ICC Cricket World Cup','Australia'
'19',2023,'India','League','Day Night','Sri Lanka','Afghanistan',241,242,'Afghanistan',AFG,7,'wickets','ICC Cricket World Cup','Australia'
'20',2023,'India','League','Day Night','India','England',229,129,'India',IND,100,'runs','ICC Cricket World Cup','Australia'
'21',2023,'India','League','Day','Australia','New Zealand',388,383,'Australia',AUS,5,'runs','ICC Cricket World Cup','Australia'
'22',2023,'India','League','Day Night','Netherlands','Bangladesh',229,142,'Netherlands',NET,87,'runs','ICC Cricket World Cup','Australia'
'23',2023,'India','League','Day Night','Pakistan','South Africa',270,271,'South Africa',SAF,1,'wickets','ICC Cricket World Cup','Australia'
'24',2023,'India','League','Day Night','England','Sri Lanka',156,160,'Sri Lanka',SRI,8,'wickets','ICC Cricket World Cup','Australia'
'25',2023,'India','League','Day Night','Australia','Netherlands',399,90,'Australia',AUS,309,'runs','ICC Cricket World Cup','Australia'
'26',2023,'India','League','Day Night','South Africa','Bangladesh',382,233,'South Africa',SAF,149,'runs','ICC Cricket World Cup','Australia'
'27',2023,'India','League','Day Night','Pakistan','Afghanistan',282,286,'Afghanistan',AFG,8,'wickets','ICC Cricket World Cup','Australia'
'28',2023,'India','League','Day Night','New Zealand','India',273,274,'India',IND,4,'wickets','ICC Cricket World Cup','Australia'
'29',2023,'India','League','Day Night','South Africa','England',399,170,'South Africa',SAF,229,'runs','ICC Cricket World Cup','Australia'
'30',2023,'India','League','Day','Netherlands','Sri Lanka',262,263,'Sri Lanka',SRI,5,'wickets','ICC Cricket World Cup','Australia'
'31',2023,'India','League','Day Night','Australia','Pakistan',367,305,'Australia',AUS,62,'runs','ICC Cricket World Cup','Australia'
'32',2023,'India','League','Day Night','Bangladesh','India',256,261,'India',IND,7,'wickets','ICC Cricket World Cup','Australia'
'33',2023,'India','League','Day Night','New Zealand','Afghanistan',288,139,'New Zealand',NZ,149,'runs','ICC Cricket World Cup','Australia'
'34',2023,'India','League','Day Night','Netherlands','South Africa',245,207,'Netherlands',NET,38,'runs','ICC Cricket World Cup','Australia'
'35',2023,'India','League','Day Night','Sri Lanka','Australia',209,215,'Australia',AUS,5,'wickets','ICC Cricket World Cup','Australia'
'36',2023,'India','League','Day Night','Afghanistan','England',284,215,'Afghanistan',AFG,69,'runs','ICC Cricket World Cup','Australia'
'37',2023,'India','League','Day Night','Pakistan','India',191,192,'India',IND,7,'wickets','ICC Cricket World Cup','Australia'
'38',2023,'India','League','Day Night','Bangladesh','New Zealand',245,248,'New Zealand',NZ,8,'wickets','ICC Cricket World Cup','Australia'
'39',2023,'India','League','Day Night','South Africa','Australia',311,177,'South Africa',SAF,134,'runs','ICC Cricket World Cup','Australia'
'40',2023,'India','League','Day Night','Afghanistan','India',272,273,'India',IND,8,'wickets','ICC Cricket World Cup','Australia'
'41',2023,'India','League','Day Night','Sri Lanka','Pakistan',344,345,'Pakistan',PAK,6,'wickets','ICC Cricket World Cup','Australia'
'42',2023,'India','League','Day','England','Bangladesh',364,227,'England',ENG,137,'runs','ICC Cricket World Cup','Australia'
'43',2023,'India','League','Day Night','New Zealand','Netherlands',322,223,'New Zealand',NZ,99,'runs','ICC Cricket World Cup','Australia'
'44',2023,'India','League','Day Night','Australia','India',199,201,'India',IND,6,'wickets','ICC Cricket World Cup','Australia'
'45',2023,'India','League','Day Night','South Africa','Sri Lanka',428,326,'South Africa',SAF,102,'runs','ICC Cricket World Cup','Australia'
'46',2023,'India','League','Day','Afghanistan','Bangladesh',156,158,'Bangladesh',BAN,6,'wickets','ICC Cricket World Cup','Australia'
'47',2023,'India','League','Day Night','Pakistan','Netherlands',286,205,'Pakistan',PAK,81,'runs','ICC Cricket World Cup','Australia'
'48',2023,'India','League','Day Night','England','New Zealand',282,283,'New Zealand',NZ,9,'wickets','ICC Cricket World Cup','Australia'
'50',2019,'England','2nd Semi-final','Day','Australia','England',223,226,'England',ENG,8,'wickets','ICC Cricket World Cup','England'
'51',2019,'England','1st Semi-final','Day','New Zealand','India',239,221,'New Zealand',NZ,18,'runs','ICC Cricket World Cup','England'
'52',2019,'England','League','Day Night','South Africa','Australia',325,315,'South Africa',SAF,10,'runs','ICC Cricket World Cup','England'
'53',2019,'England','League','Day','Sri Lanka','India',264,265,'India',IND,7,'wickets','ICC Cricket World Cup','England'
'54',2019,'England','League','Day','Pakistan','Bangladesh',315,221,'Pakistan',PAK,94,'runs','ICC Cricket World Cup','England'
'55',2019,'England','League','Day','West Indies','Afghanistan',311,288,'West Indies',WIN,23,'runs','ICC Cricket World Cup','England'
'56',2019,'England','League','Day','England','New Zealand',305,186,'England',ENG,119,'runs','ICC Cricket World Cup','England'
'57',2019,'England','League','Day','India','Bangladesh',314,286,'India',IND,28,'runs','ICC Cricket World Cup','England'
'58',2019,'England','League','Day','Sri Lanka','West Indies',338,315,'Sri Lanka',SRI,23,'runs','ICC Cricket World Cup','England'
'59',2019,'England','League','Day','England','India',337,306,'England',ENG,31,'runs','ICC Cricket World Cup','England'
'60',2019,'England','League','Day','Afghanistan','Pakistan',227,230,'Pakistan',PAK,3,'wickets','ICC Cricket World Cup','England'
'61',2019,'England','League','Day Night','Australia','New Zealand',243,157,'Australia',AUS,86,'runs','ICC Cricket World Cup','England'
'62',2019,'England','League','Day','Sri Lanka','South Africa',203,206,'South Africa',SAF,9,'wickets','ICC Cricket World Cup','England'
'63',2019,'England','League','Day','India','West Indies',268,143,'India',IND,125,'runs','ICC Cricket World Cup','England'
'64',2019,'England','League','Day','New Zealand','Pakistan',237,241,'Pakistan',PAK,6,'wickets','ICC Cricket World Cup','England'
'65',2019,'England','League','Day','Australia','England',285,221,'Australia',AUS,64,'runs','ICC Cricket World Cup','England'
'66',2019,'England','League','Day','Bangladesh','Afghanistan',262,200,'Bangladesh',BAN,62,'runs','ICC Cricket World Cup','England'
'67',2019,'England','League','Day','Pakistan','South Africa',308,259,'Pakistan',PAK,49,'runs','ICC Cricket World Cup','England'
'68',2019,'England','League','Day Night','New Zealand','West Indies',291,286,'New Zealand',NZ,5,'runs','ICC Cricket World Cup','England'
'69',2019,'England','League','Day','India','Afghanistan',224,213,'India',IND,11,'runs','ICC Cricket World Cup','England'
'70',2019,'England','League','Day','Sri Lanka','England',232,212,'Sri Lanka',SRI,20,'runs','ICC Cricket World Cup','England'
'71',2019,'England','League','Day','Australia','Bangladesh',381,333,'Australia',AUS,48,'runs','ICC Cricket World Cup','England'
'72',2019,'England','League','Day','South Africa','New Zealand',241,245,'New Zealand',NZ,4,'wickets','ICC Cricket World Cup','England'
'73',2019,'England','League','Day','England','Afghanistan',397,247,'England',ENG,150,'runs','ICC Cricket World Cup','England'
'74',2019,'England','League','Day','West Indies','Bangladesh',321,322,'Bangladesh',BAN,7,'wickets','ICC Cricket World Cup','England'
'75',2019,'England','League','Day','India','Pakistan',336,212,'India',IND,89,'runs','ICC Cricket World Cup','England'
'76',2019,'England','League','Day Night','Afghanistan','South Africa',125,131,'South Africa',SAF,9,'wickets','ICC Cricket World Cup','England'
'77',2019,'England','League','Day','Australia','Sri Lanka',334,247,'Australia',AUS,87,'runs','ICC Cricket World Cup','England'
'78',2019,'England','League','Day','West Indies','England',212,213,'England',ENG,8,'wickets','ICC Cricket World Cup','England'
'80',2019,'England','League','Day','Australia','Pakistan',307,266,'Australia',AUS,41,'runs','ICC Cricket World Cup','England'
'83',2019,'England','League','Day','India','Australia',352,316,'India',IND,36,'runs','ICC Cricket World Cup','England'
'84',2019,'England','League','Day','England','Bangladesh',386,280,'England',ENG,106,'runs','ICC Cricket World Cup','England'
'85',2019,'England','League','Day Night','Afghanistan','New Zealand',172,173,'New Zealand',NZ,7,'wickets','ICC Cricket World Cup','England'
'87',2019,'England','League','Day','Australia','West Indies',288,273,'Australia',AUS,15,'runs','ICC Cricket World Cup','England'
'88',2019,'England','League','Day Night','Bangladesh','New Zealand',244,248,'New Zealand',NZ,2,'wickets','ICC Cricket World Cup','England'
'89',2019,'England','League','Day','South Africa','India',227,230,'India',IND,6,'wickets','ICC Cricket World Cup','England'
'90',2019,'England','League','Day','Sri Lanka','Afghanistan',201,152,'Sri Lanka',SRI,34,'runs','ICC Cricket World Cup','England'
'91',2019,'England','League','Day','Pakistan','England',348,334,'Pakistan',PAK,14,'runs','ICC Cricket World Cup','England'
'92',2019,'England','League','Day','Bangladesh','South Africa',330,309,'Bangladesh',BAN,21,'runs','ICC Cricket World Cup','England'
'93',2019,'England','League','Day','Sri Lanka','New Zealand',136,137,'New Zealand',NZ,10,'wickets','ICC Cricket World Cup','England'
'94',2019,'England','League','Day Night','Afghanistan','Australia',207,209,'Australia',AUS,7,'wickets','ICC Cricket World Cup','England'
'95',2019,'England','League','Day','Pakistan','West Indies',105,108,'West Indies',WIN,7,'wickets','ICC Cricket World Cup','England'
'96',2019,'England','League','Day','England','South Africa',311,207,'England',ENG,104,'runs','ICC Cricket World Cup','England'
'97',2015,'Australia/New Zealand','Final','Day Night','New Zealand','Australia',183,186,'Australia',AUS,7,'wickets','ICC Cricket World Cup','Australia'
'98',2015,'Australia/New Zealand','2nd Semi-Final','Day Night','Australia','India',328,233,'Australia',AUS,95,'runs','ICC Cricket World Cup','Australia'
'99',2015,'Australia/New Zealand','1st Semi-Final','Day Night','South Africa','New Zealand',281,299,'New Zealand',NZ,4,'wickets','ICC Cricket World Cup','Australia'
'100',2015,'Australia/New Zealand','4th Quarter-Final','Day Night','New Zealand','West Indies',393,250,'New Zealand',NZ,143,'runs','ICC Cricket World Cup','Australia'
'101',2015,'Australia/New Zealand','3rd Quarter-Final','Day Night','Pakistan','Australia',213,216,'Australia',AUS,6,'wickets','ICC Cricket World Cup','Australia'
'102',2015,'Australia/New Zealand','2nd Quarter-Final','Day Night','India','Bangladesh',302,193,'India',IND,109,'runs','ICC Cricket World Cup','Australia'
'103',2015,'Australia/New Zealand','1st Quarter-Final','Day Night','Sri Lanka','South Africa',133,134,'South Africa',SAF,9,'wickets','ICC Cricket World Cup','Australia'
'104',2015,'Australia/New Zealand','Pool','Day Night','Ireland','Pakistan',237,241,'Pakistan',PAK,7,'wickets','ICC Cricket World Cup','Australia'
'105',2015,'Australia/New Zealand','Pool','Day','UAE','West Indies',175,176,'West Indies',WIN,6,'wickets','ICC Cricket World Cup','Australia'
'106',2015,'Australia/New Zealand','Pool','Day Night','Zimbabwe','India',287,288,'India',IND,6,'wickets','ICC Cricket World Cup','Australia'
'107',2015,'Australia/New Zealand','Pool','Day Night','Scotland','Australia',130,133,'Australia',AUS,7,'wickets','ICC Cricket World Cup','Australia'
'108',2015,'Australia/New Zealand','Pool','Day Night','Bangladesh','New Zealand',288,290,'New Zealand',NZ,3,'wickets','ICC Cricket World Cup','Australia'
'109',2015,'Australia/New Zealand','Pool','Day Night','Afghanistan','England',111,101,'England',ENG,9,'wickets','ICC Cricket World Cup','Australia'
'110',2015,'Australia/New Zealand','Pool','Day Night','South Africa','UAE',341,195,'South Africa',SAF,146,'runs','ICC Cricket World Cup','Australia'
'111',2015,'Australia/New Zealand','Pool','Day Night','Sri Lanka','Scotland',363,215,'Sri Lanka',SRI,148,'runs','ICC Cricket World Cup','Australia'
'112',2015,'Australia/New Zealand','Pool','Day Night','Ireland','India',259,260,'India',IND,8,'wickets','ICC Cricket World Cup','Australia'
'113',2015,'Australia/New Zealand','Pool','Day Night','Bangladesh','England',275,260,'Bangladesh',BAN,15,'runs','ICC Cricket World Cup','Australia'
'114',2015,'Australia/New Zealand','Pool','Day Night','Australia','Sri Lanka',376,312,'Australia',AUS,64,'runs','ICC Cricket World Cup','Australia'
'115',2015,'Australia/New Zealand','Pool','Day','Afghanistan','New Zealand',186,188,'New Zealand',NZ,6,'wickets','ICC Cricket World Cup','Australia'
'116',2015,'Australia/New Zealand','Pool','Day Night','Ireland','Zimbabwe',331,326,'Ireland',IRE,5,'runs','ICC Cricket World Cup','Australia'
'117',2015,'Australia/New Zealand','Pool','Day Night','Pakistan','South Africa',222,202,'Pakistan',PAK,29,'runs','ICC Cricket World Cup','Australia'
'118',2015,'Australia/New Zealand','Pool','Day Night','West Indies','India',182,185,'India',IND,4,'wickets','ICC Cricket World Cup','Australia'
'119',2015,'Australia/New Zealand','Pool','Day','Scotland','Bangladesh',318,322,'Bangladesh',BAN,6,'wickets','ICC Cricket World Cup','Australia'
'120',2015,'Australia/New Zealand','Pool','Day Night','Australia','Afghanistan',417,142,'Australia',AUS,275,'runs','ICC Cricket World Cup','Australia'
'121',2015,'Australia/New Zealand','Pool','Day Night','Pakistan','UAE',339,210,'Pakistan',PAK,129,'runs','ICC Cricket World Cup','Australia'
'122',2015,'Australia/New Zealand','Pool','Day Night','South Africa','Ireland',411,210,'South Africa',SAF,201,'runs','ICC Cricket World Cup','Australia'
'123',2015,'Australia/New Zealand','Pool','Day Night','Pakistan','Zimbabwe',235,215,'Pakistan',PAK,20,'runs','ICC Cricket World Cup','Australia'
'124',2015,'Australia/New Zealand','Pool','Day Night','UAE','India',102,104,'India',IND,9,'wickets','ICC Cricket World Cup','Australia'
'125',2015,'Australia/New Zealand','Pool','Day','England','Sri Lanka',309,312,'Sri Lanka',SRI,9,'wickets','ICC Cricket World Cup','Australia'
'126',2015,'Australia/New Zealand','Pool','Day Night','Australia','New Zealand',151,152,'New Zealand',NZ,1,'wickets','ICC Cricket World Cup','Australia'
'127',2015,'Australia/New Zealand','Pool','Day Night','South Africa','West Indies',408,151,'South Africa',SAF,257,'runs','ICC Cricket World Cup','Australia'
'128',2015,'Australia/New Zealand','Pool','Day Night','Sri Lanka','Bangladesh',332,240,'Sri Lanka',SRI,92,'runs','ICC Cricket World Cup','Australia'
'129',2015,'Australia/New Zealand','Pool','Day Night','UAE','Ireland',278,279,'Ireland',IRE,2,'wickets','ICC Cricket World Cup','Australia'
'130',2015,'Australia/New Zealand','Pool','Day','Scotland','Afghanistan',210,211,'Afghanistan',AFG,1,'wickets','ICC Cricket World Cup','Australia'
'131',2015,'Australia/New Zealand','Pool','Day Night','West Indies','Zimbabwe',372,289,'West Indies',WIN,73,'runs','ICC Cricket World Cup','Australia'
'132',2015,'Australia/New Zealand','Pool','Day','England','Scotland',303,184,'England',ENG,119,'runs','ICC Cricket World Cup','Australia'
'133',2015,'Australia/New Zealand','Pool','Day Night','India','South Africa',307,177,'India',IND,130,'runs','ICC Cricket World Cup','Australia'
'135',2015,'Australia/New Zealand','Pool','Day','Afghanistan','Sri Lanka',232,236,'Sri Lanka',SRI,4,'wickets','ICC Cricket World Cup','Australia'
'136',2015,'Australia/New Zealand','Pool','Day','West Indies','Pakistan',310,160,'West Indies',WIN,150,'runs','ICC Cricket World Cup','Australia'
'137',2015,'Australia/New Zealand','Pool','Day Night','England','New Zealand',123,125,'New Zealand',NZ,8,'wickets','ICC Cricket World Cup','Australia'
'138',2015,'Australia/New Zealand','Pool','Day Night','Bangladesh','Afghanistan',267,162,'Bangladesh',BAN,105,'runs','ICC Cricket World Cup','Australia'
'139',2015,'Australia/New Zealand','Pool','Day','UAE','Zimbabwe',285,286,'Zimbabwe',ZIM,4,'wickets','ICC Cricket World Cup','Australia'
'140',2015,'Australia/New Zealand','Pool','Day','Scotland','New Zealand',142,146,'New Zealand',NZ,3,'wickets','ICC Cricket World Cup','Australia'
'141',2015,'Australia/New Zealand','Pool','Day','West Indies','Ireland',304,307,'Ireland',IRE,4,'wickets','ICC Cricket World Cup','Australia'
'142',2015,'Australia/New Zealand','Pool','Day Night','India','Pakistan',300,224,'India',IND,76,'runs','ICC Cricket World Cup','Australia'
'143',2015,'Australia/New Zealand','Pool','Day Night','South Africa','Zimbabwe',339,277,'South Africa',SAF,62,'runs','ICC Cricket World Cup','Australia'
'144',2015,'Australia/New Zealand','Pool','Day Night','Australia','England',342,231,'Australia',AUS,111,'runs','ICC Cricket World Cup','Australia'
'145',2015,'Australia/New Zealand','Pool','Day','New Zealand','Sri Lanka',331,233,'New Zealand',NZ,98,'runs','ICC Cricket World Cup','Australia'
'146',2011,'Bangladesh/India/Sri Lanka','Final','Day Night','Sri Lanka','India',274,277,'India',IND,6,'wickets','ICC Cricket World Cup','India'
'147',2011,'Bangladesh/India/Sri Lanka','2nd Semi-Final','Day Night','India','Pakistan',260,231,'India',IND,29,'runs','ICC Cricket World Cup','India'
'148',2011,'Bangladesh/India/Sri Lanka','1st Semi-Final','Day Night','New Zealand','Sri Lanka',217,220,'Sri Lanka',SRI,5,'wickets','ICC Cricket World Cup','India'
'149',2011,'Bangladesh/India/Sri Lanka','4th Quarter-Final','Day Night','England','Sri Lanka',229,231,'Sri Lanka',SRI,10,'wickets','ICC Cricket World Cup','India'
'150',2011,'Bangladesh/India/Sri Lanka','3rd Quarter-Final','Day Night','New Zealand','South Africa',221,172,'New Zealand',NZ,49,'runs','ICC Cricket World Cup','India'
'151',2011,'Bangladesh/India/Sri Lanka','2nd Quarter-Final','Day Night','Australia','India',260,261,'India',IND,5,'wickets','ICC Cricket World Cup','India'
'152',2011,'Bangladesh/India/Sri Lanka','1st Quarter-Final','Day Night','West Indies','Pakistan',112,113,'Pakistan',PAK,10,'wickets','ICC Cricket World Cup','India'
'153',2011,'Bangladesh/India/Sri Lanka','Group','Day','Zimbabwe','Kenya',308,147,'Zimbabwe',ZIM,161,'runs','ICC Cricket World Cup','India'
'154',2011,'Bangladesh/India/Sri Lanka','Group','Day Night','India','West Indies',268,188,'India',IND,80,'runs','ICC Cricket World Cup','India'
'155',2011,'Bangladesh/India/Sri Lanka','Group','Day Night','Australia','Pakistan',176,178,'Pakistan',PAK,4,'wickets','ICC Cricket World Cup','India'
'156',2011,'Bangladesh/India/Sri Lanka','Group','Day','South Africa','Bangladesh',284,78,'South Africa',SAF,206,'runs','ICC Cricket World Cup','India'
'157',2011,'Bangladesh/India/Sri Lanka','Group','Day Night','Sri Lanka','New Zealand',265,153,'Sri Lanka',SRI,112,'runs','ICC Cricket World Cup','India'
'158',2011,'Bangladesh/India/Sri Lanka','Group','Day','Netherlands','Ireland',306,307,'Ireland',IRE,6,'wickets','ICC Cricket World Cup','India'
'159',2011,'Bangladesh/India/Sri Lanka','Group','Day Night','England','West Indies',243,225,'England',ENG,18,'runs','ICC Cricket World Cup','India'
'160',2011,'Bangladesh/India/Sri Lanka','Group','Day Night','Canada','Australia',211,212,'Australia',AUS,7,'wickets','ICC Cricket World Cup','India'
'161',2011,'Bangladesh/India/Sri Lanka','Group','Day Night','South Africa','Ireland',272,141,'South Africa',SAF,131,'runs','ICC Cricket World Cup','India'
'162',2011,'Bangladesh/India/Sri Lanka','Group','Day Night','Zimbabwe','Pakistan',151,164,'Pakistan',PAK,7,'wickets','ICC Cricket World Cup','India'
'163',2011,'Bangladesh/India/Sri Lanka','Group','Day','Netherlands','Bangladesh',160,166,'Bangladesh',BAN,6,'wickets','ICC Cricket World Cup','India'
'164',2011,'Bangladesh/India/Sri Lanka','Group','Day Night','Australia','Kenya',324,264,'Australia',AUS,60,'runs','ICC Cricket World Cup','India'
'165',2011,'Bangladesh/India/Sri Lanka','Group','Day','New Zealand','Canada',358,261,'New Zealand',NZ,97,'runs','ICC Cricket World Cup','India'
'166',2011,'Bangladesh/India/Sri Lanka','Group','Day Night','India','South Africa',296,300,'South Africa',SAF,3,'wickets','ICC Cricket World Cup','India'
'167',2011,'Bangladesh/India/Sri Lanka','Group','Day','West Indies','Ireland',275,231,'West Indies',WIN,44,'runs','ICC Cricket World Cup','India'
'168',2011,'Bangladesh/India/Sri Lanka','Group','Day Night','England','Bangladesh',225,227,'Bangladesh',BAN,2,'wickets','ICC Cricket World Cup','India'
'169',2011,'Bangladesh/India/Sri Lanka','Group','Day Night','Sri Lanka','Zimbabwe',327,188,'Sri Lanka',SRI,139,'runs','ICC Cricket World Cup','India'
'170',2011,'Bangladesh/India/Sri Lanka','Group','Day Night','Netherlands','India',189,191,'India',IND,5,'wickets','ICC Cricket World Cup','India'
'171',2011,'Bangladesh/India/Sri Lanka','Group','Day Night','New Zealand','Pakistan',302,192,'New Zealand',NZ,110,'runs','ICC Cricket World Cup','India'
'172',2011,'Bangladesh/India/Sri Lanka','Group','Day Night','Kenya','Canada',198,199,'Canada',CAN,5,'wickets','ICC Cricket World Cup','India'
'173',2011,'Bangladesh/India/Sri Lanka','Group','Day Night','Ireland','India',207,210,'India',IND,5,'wickets','ICC Cricket World Cup','India'
'174',2011,'Bangladesh/India/Sri Lanka','Group','Day','England','South Africa',171,165,'England',ENG,6,'runs','ICC Cricket World Cup','India'
'176',2011,'Bangladesh/India/Sri Lanka','Group','Day Night','Bangladesh','West Indies',58,59,'West Indies',WIN,9,'wickets','ICC Cricket World Cup','India'
'177',2011,'Bangladesh/India/Sri Lanka','Group','Day','Zimbabwe','New Zealand',162,166,'New Zealand',NZ,10,'wickets','ICC Cricket World Cup','India'
'178',2011,'Bangladesh/India/Sri Lanka','Group','Day','South Africa','Netherlands',351,120,'South Africa',SAF,231,'runs','ICC Cricket World Cup','India'
'179',2011,'Bangladesh/India/Sri Lanka','Group','Day Night','Pakistan','Canada',184,138,'Pakistan',PAK,46,'runs','ICC Cricket World Cup','India'
'180',2011,'Bangladesh/India/Sri Lanka','Group','Day Night','England','Ireland',327,329,'Ireland',IRE,3,'wickets','ICC Cricket World Cup','India'
'181',2011,'Bangladesh/India/Sri Lanka','Group','Day Night','Kenya','Sri Lanka',142,146,'Sri Lanka',SRI,9,'wickets','ICC Cricket World Cup','India'
'182',2011,'Bangladesh/India/Sri Lanka','Group','Day Night','West Indies','Netherlands',330,115,'West Indies',WIN,215,'runs','ICC Cricket World Cup','India'
'183',2011,'Bangladesh/India/Sri Lanka','Group','Day','Zimbabwe','Canada',298,123,'Zimbabwe',ZIM,175,'runs','ICC Cricket World Cup','India'
'185',2011,'Bangladesh/India/Sri Lanka','Group','Day Night','Pakistan','Sri Lanka',277,266,'Pakistan',PAK,11,'runs','ICC Cricket World Cup','India'
'186',2011,'Bangladesh/India/Sri Lanka','Group','Day','New Zealand','Australia',206,207,'Australia',AUS,7,'wickets','ICC Cricket World Cup','India'
'187',2011,'Bangladesh/India/Sri Lanka','Group','Day Night','Bangladesh','Ireland',205,178,'Bangladesh',BAN,27,'runs','ICC Cricket World Cup','India'
'188',2011,'Bangladesh/India/Sri Lanka','Group','Day Night','West Indies','South Africa',222,223,'South Africa',SAF,7,'wickets','ICC Cricket World Cup','India'
'189',2011,'Bangladesh/India/Sri Lanka','Group','Day Night','Pakistan','Kenya',317,112,'Pakistan',PAK,205,'runs','ICC Cricket World Cup','India'
'190',2011,'Bangladesh/India/Sri Lanka','Group','Day Night','Netherlands','England',292,296,'England',ENG,6,'wickets','ICC Cricket World Cup','India'
'191',2011,'Bangladesh/India/Sri Lanka','Group','Day Night','Australia','Zimbabwe',262,171,'Australia',AUS,91,'runs','ICC Cricket World Cup','India'
'192',2011,'Bangladesh/India/Sri Lanka','Group','Day Night','Sri Lanka','Canada',332,122,'Sri Lanka',SRI,210,'runs','ICC Cricket World Cup','India'
'193',2011,'Bangladesh/India/Sri Lanka','Group','Day','Kenya','New Zealand',69,72,'New Zealand',NZ,10,'wickets','ICC Cricket World Cup','India'
'194',2011,'Bangladesh/India/Sri Lanka','Group','Day Night','India','Bangladesh',370,283,'India',IND,87,'runs','ICC Cricket World Cup','India'
'195',2007,'West Indies','Final','Day','Australia','Sri Lanka',281,215,'Australia',AUS,53,'runs','ICC World Cup','Australia'
'196',2007,'West Indies','2nd Semi-Final','Day','South Africa','Australia',149,153,'Australia',AUS,7,'wickets','ICC World Cup','Australia'
'197',2007,'West Indies','1st Semi-Final','Day','Sri Lanka','New Zealand',289,208,'Sri Lanka',SRI,81,'runs','ICC World Cup','Australia'
'198',2007,'West Indies','Super Eights','Day','West Indies','England',300,301,'England',ENG,1,'wickets','ICC World Cup','Australia'
'199',2007,'West Indies','Super Eights','Day','Australia','New Zealand',348,133,'Australia',AUS,215,'runs','ICC World Cup','Australia'
'200',2007,'West Indies','Super Eights','Day','West Indies','Bangladesh',230,131,'West Indies',WIN,99,'runs','ICC World Cup','Australia'
'201',2007,'West Indies','Super Eights','Day','Ireland','Sri Lanka',77,81,'Sri Lanka',SRI,8,'wickets','ICC World Cup','Australia'
'202',2007,'West Indies','Super Eights','Day','England','South Africa',154,157,'South Africa',SAF,9,'wickets','ICC World Cup','Australia'
'203',2007,'West Indies','Super Eights','Day','Sri Lanka','Australia',226,232,'Australia',AUS,7,'wickets','ICC World Cup','Australia'
'204',2007,'West Indies','Super Eights','Day','Ireland','Bangladesh',243,169,'Ireland',IRE,74,'runs','ICC World Cup','Australia'
'205',2007,'West Indies','Super Eights','Day','South Africa','New Zealand',193,196,'New Zealand',NZ,5,'wickets','ICC World Cup','Australia'
'206',2007,'West Indies','Super Eights','Day','Ireland','Australia',91,92,'Australia',AUS,9,'wickets','ICC World Cup','Australia'
'207',2007,'West Indies','Super Eights','Day','New Zealand','Sri Lanka',219,222,'Sri Lanka',SRI,6,'wickets','ICC World Cup','Australia'
'208',2007,'West Indies','Super Eights','Day','Bangladesh','England',143,147,'England',ENG,4,'wickets','ICC World Cup','Australia'
'209',2007,'West Indies','Super Eights','Day','South Africa','West Indies',356,289,'South Africa',SAF,67,'runs','ICC World Cup','Australia'
'210',2007,'West Indies','Super Eights','Day','New Zealand','Ireland',263,134,'New Zealand',NZ,129,'runs','ICC World Cup','Australia'
'211',2007,'West Indies','Super Eights','Day','England','Australia',247,248,'Australia',AUS,7,'wickets','ICC World Cup','Australia'
'212',2007,'West Indies','Super Eights','Day','Bangladesh','South Africa',251,184,'Bangladesh',BAN,67,'runs','ICC World Cup','Australia'
'213',2007,'West Indies','Super Eights','Day','Sri Lanka','England',235,233,'Sri Lanka',SRI,2,'runs','ICC World Cup','Australia'
'214',2007,'West Indies','Super Eights','Day','Ireland','South Africa',152,165,'South Africa',SAF,7,'wickets','ICC World Cup','Australia'
'215',2007,'West Indies','Super Eights','Day','Bangladesh','New Zealand',174,178,'New Zealand',NZ,9,'wickets','ICC World Cup','Australia'
'216',2007,'West Indies','Super Eights','Day','Sri Lanka','West Indies',303,190,'Sri Lanka',SRI,113,'runs','ICC World Cup','Australia'
'217',2007,'West Indies','Super Eights','Day','Bangladesh','Australia',104,106,'Australia',AUS,10,'wickets','ICC World Cup','Australia'
'218',2007,'West Indies','Super Eights','Day','England','Ireland',266,218,'England',ENG,48,'runs','ICC World Cup','Australia'
'219',2007,'West Indies','Super Eights','Day','West Indies','New Zealand',177,179,'New Zealand',NZ,7,'wickets','ICC World Cup','Australia'
'220',2007,'West Indies','Super Eights','Day','Sri Lanka','South Africa',209,212,'South Africa',SAF,1,'wickets','ICC World Cup','Australia'
'221',2007,'West Indies','Super Eights','Day','Australia','West Indies',322,219,'Australia',AUS,103,'runs','ICC World Cup','Australia'
'222',2007,'West Indies','Group','Day','Bermuda','Bangladesh',94,96,'Bangladesh',BAN,7,'wickets','ICC World Cup','Australia'
'223',2007,'West Indies','Group','Day','Australia','South Africa',377,294,'Australia',AUS,83,'runs','ICC World Cup','Australia'
'224',2007,'West Indies','Group','Day','Kenya','England',177,178,'England',ENG,7,'wickets','ICC World Cup','Australia'
'225',2007,'West Indies','Group','Day','Sri Lanka','India',254,185,'Sri Lanka',SRI,69,'runs','ICC World Cup','Australia'
'226',2007,'West Indies','Group','Day','Ireland','West Indies',183,190,'West Indies',WIN,8,'wickets','ICC World Cup','Australia'
'227',2007,'West Indies','Group','Day','New Zealand','Canada',363,249,'New Zealand',NZ,114,'runs','ICC World Cup','Australia'
'228',2007,'West Indies','Group','Day','Scotland','Netherlands',136,140,'Netherlands',NET,8,'wickets','ICC World Cup','Australia'
'229',2007,'West Indies','Group','Day','Pakistan','Zimbabwe',349,99,'Pakistan',PAK,93,'runs','ICC World Cup','Australia'
'230',2007,'West Indies','Group','Day','Sri Lanka','Bangladesh',318,112,'Sri Lanka',SRI,198,'runs','ICC World Cup','Australia'
'231',2007,'West Indies','Group','Day','Scotland','South Africa',186,188,'South Africa',SAF,7,'wickets','ICC World Cup','Australia'
'232',2007,'West Indies','Group','Day','New Zealand','Kenya',331,183,'New Zealand',NZ,148,'runs','ICC World Cup','Australia'
'233',2007,'West Indies','Group','Day','Zimbabwe','West Indies',202,204,'West Indies',WIN,6,'wickets','ICC World Cup','Australia'
'234',2007,'West Indies','Group','Day','India','Bermuda',413,156,'India',IND,257,'runs','ICC World Cup','Australia'
'235',2007,'West Indies','Group','Day','England','Canada',279,228,'England',ENG,51,'runs','ICC World Cup','Australia'
'236',2007,'West Indies','Group','Day','Australia','Netherlands',358,129,'Australia',AUS,229,'runs','ICC World Cup','Australia'
'237',2007,'West Indies','Group','Day','Pakistan','Ireland',132,133,'Ireland',IRE,3,'wickets','ICC World Cup','Australia'
'238',2007,'West Indies','Group','Day','India','Bangladesh',191,192,'Bangladesh',BAN,5,'wickets','ICC World Cup','Australia'
'239',2007,'West Indies','Group','Day','England','New Zealand',209,210,'New Zealand',NZ,6,'wickets','ICC World Cup','Australia'
'240',2007,'West Indies','Group','Day','South Africa','Netherlands',353,132,'South Africa',SAF,221,'runs','ICC World Cup','Australia'
'242',2007,'West Indies','Group','Day','Sri Lanka','Bermuda',321,78,'Sri Lanka',SRI,243,'runs','ICC World Cup','Australia'
'243',2007,'West Indies','Group','Day','Canada','Kenya',199,203,'Kenya',KEN,7,'wickets','ICC World Cup','Australia'
'244',2007,'West Indies','Group','Day','Australia','Scotland',334,131,'Australia',AUS,203,'runs','ICC World Cup','Australia'
'245',2007,'West Indies','Group','Day','West Indies','Pakistan',241,187,'West Indies',WIN,54,'runs','ICC World Cup','Australia'
'246',2003,'Kenya/South Africa/Zimbabwe','Final','Day','Australia','India',359,234,'Australia',AUS,125,'runs','ICC World Cup','Australia'
'247',2003,'Kenya/South Africa/Zimbabwe','2nd Semi-Final','Day Night','India','Kenya',270,179,'India',IND,91,'runs','ICC World Cup','Australia'
'248',2003,'Kenya/South Africa/Zimbabwe','1st Semi-Final','Day','Australia','Sri Lanka',212,123,'Australia',AUS,48,'runs','ICC World Cup','Australia'
'249',2003,'Kenya/South Africa/Zimbabwe','Super Eights','Day Night','Kenya','Australia',174,178,'Australia',AUS,5,'wickets','ICC World Cup','Australia'
'250',2003,'Kenya/South Africa/Zimbabwe','Super Eights','Day','Sri Lanka','Zimbabwe',256,182,'Sri Lanka',SRI,74,'runs','ICC World Cup','Australia'
'251',2003,'Kenya/South Africa/Zimbabwe','Super Eights','Day','New Zealand','India',146,150,'India',IND,7,'wickets','ICC World Cup','Australia'
'252',2003,'Kenya/South Africa/Zimbabwe','Super Eights','Day','Zimbabwe','Kenya',133,135,'Kenya',KEN,7,'wickets','ICC World Cup','Australia'
'253',2003,'Kenya/South Africa/Zimbabwe','Super Eights','Day','Australia','New Zealand',208,112,'Australia',AUS,96,'runs','ICC World Cup','Australia'
'254',2003,'Kenya/South Africa/Zimbabwe','Super Eights','Day','India','Sri Lanka',292,109,'India',IND,183,'runs','ICC World Cup','Australia'
'255',2003,'Kenya/South Africa/Zimbabwe','Super Eights','Day','Zimbabwe','New Zealand',252,253,'New Zealand',NZ,6,'wickets','ICC World Cup','Australia'
'256',2003,'Kenya/South Africa/Zimbabwe','Super Eights','Day Night','Kenya','India',225,226,'India',IND,6,'wickets','ICC World Cup','Australia'
'257',2003,'Kenya/South Africa/Zimbabwe','Super Eights','Day','Australia','Sri Lanka',319,223,'Australia',AUS,96,'runs','ICC World Cup','Australia'
'258',2003,'Kenya/South Africa/Zimbabwe','League','Day','West Indies','Kenya',246,104,'West Indies',WIN,142,'runs','ICC World Cup','Australia'
'261',2003,'Kenya/South Africa/Zimbabwe','League','Day','Netherlands','Namibia',314,250,'Netherlands',NET,64,'runs','ICC World Cup','Australia'
'262',2003,'Kenya/South Africa/Zimbabwe','League','Day','Canada','New Zealand',196,197,'New Zealand',NZ,5,'wickets','ICC World Cup','Australia'
'263',2003,'Kenya/South Africa/Zimbabwe','League','Day','England','Australia',204,208,'Australia',AUS,2,'wickets','ICC World Cup','Australia'
'264',2003,'Kenya/South Africa/Zimbabwe','League','Day','Pakistan','India',273,276,'India',IND,6,'wickets','ICC World Cup','Australia'
'265',2003,'Kenya/South Africa/Zimbabwe','League','Day','Kenya','Bangladesh',217,185,'Kenya',KEN,32,'runs','ICC World Cup','Australia'
'266',2003,'Kenya/South Africa/Zimbabwe','League','Day Night','Sri Lanka','West Indies',228,222,'Sri Lanka',SRI,6,'runs','ICC World Cup','Australia'
'267',2003,'Kenya/South Africa/Zimbabwe','League','Day','Zimbabwe','Netherlands',301,202,'Zimbabwe',ZIM,99,'runs','ICC World Cup','Australia'
'268',2003,'Kenya/South Africa/Zimbabwe','League','Day','South Africa','Canada',254,136,'South Africa',SAF,118,'runs','ICC World Cup','Australia'
'269',2003,'Kenya/South Africa/Zimbabwe','League','Day','Australia','Namibia',301,45,'Australia',AUS,256,'runs','ICC World Cup','Australia'
'270',2003,'Kenya/South Africa/Zimbabwe','League','Day Night','India','England',250,168,'India',IND,82,'runs','ICC World Cup','Australia'
'271',2003,'Kenya/South Africa/Zimbabwe','League','Day','Bangladesh','New Zealand',198,199,'New Zealand',NZ,7,'wickets','ICC World Cup','Australia'
'272',2003,'Kenya/South Africa/Zimbabwe','League','Day','Pakistan','Netherlands',253,156,'Pakistan',PAK,97,'runs','ICC World Cup','Australia'
'273',2003,'Kenya/South Africa/Zimbabwe','League','Day','Zimbabwe','Australia',246,248,'Australia',AUS,7,'wickets','ICC World Cup','Australia'
'274',2003,'Kenya/South Africa/Zimbabwe','League','Day','Kenya','Sri Lanka',210,157,'Kenya',KEN,53,'runs','ICC World Cup','Australia'
'275',2003,'Kenya/South Africa/Zimbabwe','League','Day','India','Namibia',311,130,'India',IND,181,'runs','ICC World Cup','Australia'
'276',2003,'Kenya/South Africa/Zimbabwe','League','Day','Canada','West Indies',202,206,'West Indies',WIN,7,'wickets','ICC World Cup','Australia'
'277',2003,'Kenya/South Africa/Zimbabwe','League','Day Night','England','Pakistan',246,134,'England',ENG,112,'runs','ICC World Cup','Australia'
'278',2003,'Kenya/South Africa/Zimbabwe','League','Day','Bangladesh','South Africa',108,109,'South Africa',SAF,10,'wickets','ICC World Cup','Australia'
'280',2003,'Kenya/South Africa/Zimbabwe','League','Day','Australia','Netherlands',170,122,'Australia',AUS,75,'runs','ICC World Cup','Australia'
'281',2003,'Kenya/South Africa/Zimbabwe','League','Day','India','Zimbabwe',255,172,'India',IND,83,'runs','ICC World Cup','Australia'
'282',2003,'Kenya/South Africa/Zimbabwe','League','Day','England','Namibia',272,217,'England',ENG,55,'runs','ICC World Cup','Australia'
'283',2003,'Kenya/South Africa/Zimbabwe','League','Day','Canada','Sri Lanka',36,37,'Sri Lanka',SRI,9,'wickets','ICC World Cup','Australia'
'285',2003,'Kenya/South Africa/Zimbabwe','League','Day','South Africa','New Zealand',306,229,'New Zealand',NZ,9,'wickets','ICC World Cup','Australia'
'286',2003,'Kenya/South Africa/Zimbabwe','League','Day','Pakistan','Namibia',255,84,'Pakistan',PAK,171,'runs','ICC World Cup','Australia'
'287',2003,'Kenya/South Africa/Zimbabwe','League','Day','Netherlands','England',142,144,'England',ENG,6,'wickets','ICC World Cup','Australia'
'288',2003,'Kenya/South Africa/Zimbabwe','League','Day','India','Australia',125,128,'Australia',AUS,9,'wickets','ICC World Cup','Australia'
'289',2003,'Kenya/South Africa/Zimbabwe','League','Day Night','Canada','Kenya',197,198,'Kenya',KEN,4,'wickets','ICC World Cup','Australia'
'290',2003,'Kenya/South Africa/Zimbabwe','League','Day','Bangladesh','Sri Lanka',124,126,'Sri Lanka',SRI,10,'wickets','ICC World Cup','Australia'
'291',2003,'Kenya/South Africa/Zimbabwe','League','Day','New Zealand','West Indies',241,221,'New Zealand',NZ,20,'runs','ICC World Cup','Australia'
'293',2003,'Kenya/South Africa/Zimbabwe','League','Day','India','Netherlands',204,136,'India',IND,68,'runs','ICC World Cup','Australia'
'294',2003,'Kenya/South Africa/Zimbabwe','League','Day','Kenya','South Africa',140,142,'South Africa',SAF,10,'wickets','ICC World Cup','Australia'
'295',2003,'Kenya/South Africa/Zimbabwe','League','Day Night','Canada','Bangladesh',180,120,'Canada',CAN,60,'runs','ICC World Cup','Australia'
'296',2003,'Kenya/South Africa/Zimbabwe','League','Day','Australia','Pakistan',310,228,'Australia',AUS,82,'runs','ICC World Cup','Australia'
'297',2003,'Kenya/South Africa/Zimbabwe','League','Day','Sri Lanka','New Zealand',272,225,'Sri Lanka',SRI,47,'runs','ICC World Cup','Australia'
'298',2003,'Kenya/South Africa/Zimbabwe','League','Day','Zimbabwe','Namibia',340,104,'Zimbabwe',ZIM,86,'runs','ICC World Cup','Australia'
'299',2003,'Kenya/South Africa/Zimbabwe','League','Day Night','West Indies','South Africa',278,275,'West Indies',WIN,3,'runs','ICC World Cup','Australia'
'300',1999,'England/Ireland/Netherlands/Scotland','Final','Day','Pakistan','Australia',132,133,'Australia',AUS,8,'wickets','ICC World Cup','Australia'
'302',1999,'England/Ireland/Netherlands/Scotland','1st Semi-Final','Day','New Zealand','Pakistan',241,242,'Pakistan',PAK,9,'wickets','ICC World Cup','Australia'
'303',1999,'England/Ireland/Netherlands/Scotland','Super Eights','Day','South Africa','Australia',271,272,'Australia',AUS,5,'wickets','ICC World Cup','Australia'
'304',1999,'England/Ireland/Netherlands/Scotland','Super Eights','Day','India','New Zealand',251,253,'New Zealand',NZ,5,'wickets','ICC World Cup','Australia'
'305',1999,'England/Ireland/Netherlands/Scotland','Super Eights','Day','Pakistan','Zimbabwe',271,123,'Pakistan',PAK,148,'runs','ICC World Cup','Australia'
'306',1999,'England/Ireland/Netherlands/Scotland','Super Eights','Day','South Africa','New Zealand',287,213,'South Africa',SAF,74,'runs','ICC World Cup','Australia'
'307',1999,'England/Ireland/Netherlands/Scotland','Super Eights','Day','Australia','Zimbabwe',303,259,'Australia',AUS,44,'runs','ICC World Cup','Australia'
'308',1999,'England/Ireland/Netherlands/Scotland','Super Eights','Day','India','Pakistan',227,180,'India',IND,47,'runs','ICC World Cup','Australia'
'310',1999,'England/Ireland/Netherlands/Scotland','Super Eights','Day','Pakistan','South Africa',220,221,'South Africa',SAF,3,'wickets','ICC World Cup','Australia'
'311',1999,'England/Ireland/Netherlands/Scotland','Super Eights','Day','Australia','India',282,205,'Australia',AUS,77,'runs','ICC World Cup','Australia'
'312',1999,'England/Ireland/Netherlands/Scotland','League','Day','Bangladesh','Pakistan',223,161,'Bangladesh',BAN,62,'runs','ICC World Cup','Australia'
'313',1999,'England/Ireland/Netherlands/Scotland','League','Day','Scotland','New Zealand',121,123,'New Zealand',NZ,6,'wickets','ICC World Cup','Australia'
'314',1999,'England/Ireland/Netherlands/Scotland','League','Day','West Indies','Australia',110,111,'Australia',AUS,6,'wickets','ICC World Cup','Australia'
'315',1999,'England/Ireland/Netherlands/Scotland','League','Day','Sri Lanka','Kenya',275,230,'Sri Lanka',SRI,45,'runs','ICC World Cup','Australia'
'316',1999,'England/Ireland/Netherlands/Scotland','League','Day','Zimbabwe','South Africa',233,185,'Zimbabwe',ZIM,48,'runs','ICC World Cup','Australia'
'317',1999,'England/Ireland/Netherlands/Scotland','League','Day','India','England',232,169,'India',IND,63,'runs','ICC World Cup','Australia'
'318',1999,'England/Ireland/Netherlands/Scotland','League','Day','Pakistan','New Zealand',269,207,'Pakistan',PAK,62,'runs','ICC World Cup','Australia'
'319',1999,'England/Ireland/Netherlands/Scotland','League','Day','Scotland','West Indies',68,70,'West Indies',WIN,8,'wickets','ICC World Cup','Australia'
'320',1999,'England/Ireland/Netherlands/Scotland','League','Day','Bangladesh','Australia',178,181,'Australia',AUS,7,'wickets','ICC World Cup','Australia'
'321',1999,'England/Ireland/Netherlands/Scotland','League','Day','India','Sri Lanka',373,216,'India',IND,157,'runs','ICC World Cup','Australia'
'322',1999,'England/Ireland/Netherlands/Scotland','League','Day','Kenya','South Africa',152,153,'South Africa',SAF,7,'wickets','ICC World Cup','Australia'
'323',1999,'England/Ireland/Netherlands/Scotland','League','Day','Zimbabwe','England',167,168,'England',ENG,7,'wickets','ICC World Cup','Australia'
'324',1999,'England/Ireland/Netherlands/Scotland','League','Day','Bangladesh','Scotland',185,163,'Bangladesh',BAN,22,'runs','ICC World Cup','Australia'
'325',1999,'England/Ireland/Netherlands/Scotland','League','Day','New Zealand','West Indies',156,158,'West Indies',WIN,7,'wickets','ICC World Cup','Australia'
'326',1999,'England/Ireland/Netherlands/Scotland','League','Day','Pakistan','Australia',275,265,'Pakistan',PAK,10,'runs','ICC World Cup','Australia'
'327',1999,'England/Ireland/Netherlands/Scotland','League','Day','India','Kenya',329,235,'India',IND,94,'runs','ICC World Cup','Australia'
'328',1999,'England/Ireland/Netherlands/Scotland','League','Day','Zimbabwe','Sri Lanka',197,198,'Sri Lanka',SRI,4,'wickets','ICC World Cup','Australia'
'329',1999,'England/Ireland/Netherlands/Scotland','League','Day','South Africa','England',225,103,'South Africa',SAF,122,'runs','ICC World Cup','Australia'
'330',1999,'England/Ireland/Netherlands/Scotland','League','Day','Bangladesh','West Indies',182,183,'West Indies',WIN,7,'wickets','ICC World Cup','Australia'
'331',1999,'England/Ireland/Netherlands/Scotland','League','Day','Pakistan','Scotland',261,167,'Pakistan',PAK,94,'runs','ICC World Cup','Australia'
'332',1999,'England/Ireland/Netherlands/Scotland','League','Day','Australia','New Zealand',213,214,'New Zealand',NZ,5,'wickets','ICC World Cup','Australia'
'333',1999,'England/Ireland/Netherlands/Scotland','League','Day','South Africa','Sri Lanka',199,110,'South Africa',SAF,89,'runs','ICC World Cup','Australia'
'334',1999,'England/Ireland/Netherlands/Scotland','League','Day','Zimbabwe','India',252,249,'Zimbabwe',ZIM,3,'runs','ICC World Cup','Australia'
'335',1999,'England/Ireland/Netherlands/Scotland','League','Day','Kenya','England',203,204,'England',ENG,9,'wickets','ICC World Cup','Australia'
'336',1999,'England/Ireland/Netherlands/Scotland','League','Day','Bangladesh','New Zealand',116,117,'New Zealand',NZ,6,'wickets','ICC World Cup','Australia'
'337',1999,'England/Ireland/Netherlands/Scotland','League','Day','Scotland','Australia',181,182,'Australia',AUS,6,'wickets','ICC World Cup','Australia'
'338',1999,'England/Ireland/Netherlands/Scotland','League','Day','Pakistan','West Indies',229,202,'Pakistan',PAK,27,'runs','ICC World Cup','Australia'
'339',1999,'England/Ireland/Netherlands/Scotland','League','Day','Kenya','Zimbabwe',229,231,'Zimbabwe',ZIM,5,'wickets','ICC World Cup','Australia'
'340',1999,'England/Ireland/Netherlands/Scotland','League','Day','India','South Africa',253,254,'South Africa',SAF,4,'wickets','ICC World Cup','Australia'
'341',1999,'England/Ireland/Netherlands/Scotland','League','Day','Sri Lanka','England',204,207,'England',ENG,8,'wickets','ICC World Cup','Australia'
'342',1996,'India/Pakistan/Sri Lanka','Final','Day Night','Australia','Sri Lanka',241,245,'Sri Lanka',SRI,7,'wickets','Wills World Cup','Sri Lanka'
'343',1996,'India/Pakistan/Sri Lanka','2nd Semi-Final','Day Night','Australia','West Indies',207,202,'Australia',AUS,5,'runs','Wills World Cup','Sri Lanka'
'345',1996,'India/Pakistan/Sri Lanka','3rd Quarter-Final','Day','West Indies','South Africa',264,245,'West Indies',WIN,19,'runs','Wills World Cup','Sri Lanka'
'346',1996,'India/Pakistan/Sri Lanka','4th Quarter-Final','Day Night','New Zealand','Australia',286,289,'Australia',AUS,6,'wickets','Wills World Cup','Sri Lanka'
'347',1996,'India/Pakistan/Sri Lanka','1st Quarter-Final','Day','England','Sri Lanka',235,236,'Sri Lanka',SRI,5,'wickets','Wills World Cup','Sri Lanka'
'348',1996,'India/Pakistan/Sri Lanka','2nd Quarter-Final','Day Night','India','Pakistan',287,248,'India',IND,39,'runs','Wills World Cup','Sri Lanka'
'349',1996,'India/Pakistan/Sri Lanka','League','Day','Pakistan','New Zealand',281,235,'Pakistan',PAK,46,'runs','Wills World Cup','Sri Lanka'
'350',1996,'India/Pakistan/Sri Lanka','League','Day','India','Zimbabwe',247,207,'India',IND,40,'runs','Wills World Cup','Sri Lanka'
'351',1996,'India/Pakistan/Sri Lanka','League','Day','Sri Lanka','Kenya',398,254,'Sri Lanka',SRI,144,'runs','Wills World Cup','Sri Lanka'
'352',1996,'India/Pakistan/Sri Lanka','League','Day','South Africa','Netherlands',328,168,'South Africa',SAF,160,'runs','Wills World Cup','Sri Lanka'
'353',1996,'India/Pakistan/Sri Lanka','League','Day','Australia','West Indies',229,232,'West Indies',WIN,4,'wickets','Wills World Cup','Sri Lanka'
'354',1996,'India/Pakistan/Sri Lanka','League','Day','England','Pakistan',249,250,'Pakistan',PAK,7,'wickets','Wills World Cup','Sri Lanka'
'355',1996,'India/Pakistan/Sri Lanka','League','Day','India','Sri Lanka',271,272,'Sri Lanka',SRI,6,'wickets','Wills World Cup','Sri Lanka'
'356',1996,'India/Pakistan/Sri Lanka','League','Day','Netherlands','UAE',216,220,'UAE',UAE,7,'wickets','Wills World Cup','Sri Lanka'
'357',1996,'India/Pakistan/Sri Lanka','League','Day','Zimbabwe','Australia',154,158,'Australia',AUS,8,'wickets','Wills World Cup','Sri Lanka'
'358',1996,'India/Pakistan/Sri Lanka','League','Day','Kenya','West Indies',166,93,'Kenya',KEN,73,'runs','Wills World Cup','Sri Lanka'
'359',1996,'India/Pakistan/Sri Lanka','League','Day','Pakistan','South Africa',242,243,'South Africa',SAF,5,'wickets','Wills World Cup','Sri Lanka'
'360',1996,'India/Pakistan/Sri Lanka','League','Day Night','Australia','India',258,242,'Australia',AUS,16,'runs','Wills World Cup','Sri Lanka'
'361',1996,'India/Pakistan/Sri Lanka','League','Day','New Zealand','UAE',276,167,'New Zealand',NZ,109,'runs','Wills World Cup','Sri Lanka'
'362',1996,'India/Pakistan/Sri Lanka','League','Day','Kenya','Zimbabwe',134,137,'Zimbabwe',ZIM,5,'wickets','Wills World Cup','Sri Lanka'
'364',1996,'India/Pakistan/Sri Lanka','League','Day','Netherlands','Pakistan',145,151,'Pakistan',PAK,8,'wickets','Wills World Cup','Sri Lanka'
'366',1996,'India/Pakistan/Sri Lanka','League','Day','South Africa','England',230,152,'South Africa',SAF,78,'runs','Wills World Cup','Sri Lanka'
'367',1996,'India/Pakistan/Sri Lanka','League','Day','UAE','Pakistan',109,112,'Pakistan',PAK,9,'wickets','Wills World Cup','Sri Lanka'
'368',1996,'India/Pakistan/Sri Lanka','League','Day','Australia','Kenya',304,207,'Australia',AUS,97,'runs','Wills World Cup','Sri Lanka'
'369',1996,'India/Pakistan/Sri Lanka','League','Day','England','Netherlands',279,230,'England',ENG,49,'runs','Wills World Cup','Sri Lanka'
'370',1996,'India/Pakistan/Sri Lanka','League','Day','Zimbabwe','Sri Lanka',228,229,'Sri Lanka',SRI,6,'wickets','Wills World Cup','Sri Lanka'
'371',1996,'India/Pakistan/Sri Lanka','League','Day Night','West Indies','India',173,174,'India',IND,5,'wickets','Wills World Cup','Sri Lanka'
'372',1996,'India/Pakistan/Sri Lanka','League','Day','New Zealand','South Africa',177,178,'South Africa',SAF,5,'wickets','Wills World Cup','Sri Lanka'
'373',1996,'India/Pakistan/Sri Lanka','League','Day','UAE','England',136,140,'England',ENG,8,'wickets','Wills World Cup','Sri Lanka'
'374',1996,'India/Pakistan/Sri Lanka','League','Day','Kenya','India',199,203,'India',IND,7,'wickets','Wills World Cup','Sri Lanka'
'376',1996,'India/Pakistan/Sri Lanka','League','Day','New Zealand','Netherlands',307,188,'New Zealand',NZ,119,'runs','Wills World Cup','Sri Lanka'
'377',1996,'India/Pakistan/Sri Lanka','League','Day Night','Zimbabwe','West Indies',151,155,'West Indies',WIN,6,'wickets','Wills World Cup','Sri Lanka'
'378',1996,'India/Pakistan/Sri Lanka','League','Day','South Africa','UAE',321,152,'South Africa',SAF,169,'runs','Wills World Cup','Sri Lanka'
'379',1996,'India/Pakistan/Sri Lanka','League','Day','New Zealand','England',239,228,'New Zealand',NZ,11,'runs','Wills World Cup','Sri Lanka'
'380',1992,'Australia/New Zealand','Final','Day Night','Pakistan','England',249,227,'Pakistan',PAK,22,'runs','Benson & Hedges World Cup','Pakistan'
'381',1992,'Australia/New Zealand','2nd Semi-Final','Day Night','England','South Africa',252,232,'England',ENG,19,'runs','Benson & Hedges World Cup','Pakistan'
'382',1992,'Australia/New Zealand','1st Semi-Final','Day','New Zealand','Pakistan',262,264,'Pakistan',PAK,4,'wickets','Benson & Hedges World Cup','Pakistan'
'383',1992,'Australia/New Zealand','League','Day','Zimbabwe','England',134,125,'Zimbabwe',ZIM,9,'runs','Benson & Hedges World Cup','Pakistan'
'384',1992,'Australia/New Zealand','League','Day Night','Australia','West Indies',216,159,'Australia',AUS,57,'runs','Benson & Hedges World Cup','Pakistan'
'385',1992,'Australia/New Zealand','League','Day','New Zealand','Pakistan',166,167,'Pakistan',PAK,7,'wickets','Benson & Hedges World Cup','Pakistan'
'386',1992,'Australia/New Zealand','League','Day','Sri Lanka','Pakistan',212,216,'Pakistan',PAK,4,'wickets','Benson & Hedges World Cup','Pakistan'
'387',1992,'Australia/New Zealand','League','Day','India','South Africa',180,181,'South Africa',SAF,6,'wickets','Benson & Hedges World Cup','Pakistan'
'388',1992,'Australia/New Zealand','League','Day','England','New Zealand',200,201,'New Zealand',NZ,7,'wickets','Benson & Hedges World Cup','Pakistan'
'389',1992,'Australia/New Zealand','League','Day','Australia','Zimbabwe',265,137,'Australia',AUS,128,'runs','Benson & Hedges World Cup','Pakistan'
'390',1992,'Australia/New Zealand','League','Day','West Indies','Sri Lanka',268,177,'West Indies',WIN,91,'runs','Benson & Hedges World Cup','Pakistan'
'391',1992,'Australia/New Zealand','League','Day Night','South Africa','England',236,226,'England',ENG,3,'wickets','Benson & Hedges World Cup','Pakistan'
'392',1992,'Australia/New Zealand','League','Day','India','New Zealand',230,231,'New Zealand',NZ,4,'wickets','Benson & Hedges World Cup','Pakistan'
'393',1992,'Australia/New Zealand','League','Day Night','Pakistan','Australia',220,172,'Pakistan',PAK,48,'runs','Benson & Hedges World Cup','Pakistan'
'394',1992,'Australia/New Zealand','League','Day','Zimbabwe','South Africa',163,164,'South Africa',SAF,7,'wickets','Benson & Hedges World Cup','Pakistan'
'395',1992,'Australia/New Zealand','League','Day','England','Sri Lanka',280,174,'England',ENG,106,'runs','Benson & Hedges World Cup','Pakistan'
'396',1992,'Australia/New Zealand','League','Day','India','West Indies',197,195,'West Indies',WIN,5,'wickets','Benson & Hedges World Cup','Pakistan'
'397',1992,'Australia/New Zealand','League','Day','South Africa','Pakistan',211,173,'South Africa',SAF,20,'runs','Benson & Hedges World Cup','Pakistan'
'398',1992,'Australia/New Zealand','League','Day','West Indies','New Zealand',203,206,'New Zealand',NZ,5,'wickets','Benson & Hedges World Cup','Pakistan'
'399',1992,'Australia/New Zealand','League','Day','Sri Lanka','Australia',189,190,'Australia',AUS,7,'wickets','Benson & Hedges World Cup','Pakistan'
'400',1992,'Australia/New Zealand','League','Day','India','Zimbabwe',203,104,'India',IND,55,'runs','Benson & Hedges World Cup','Pakistan'
'401',1992,'Australia/New Zealand','League','Day Night','Australia','England',171,173,'England',ENG,8,'wickets','Benson & Hedges World Cup','Pakistan'
'402',1992,'Australia/New Zealand','League','Day','South Africa','West Indies',200,136,'South Africa',SAF,64,'runs','Benson & Hedges World Cup','Pakistan'
'403',1992,'Australia/New Zealand','League','Day Night','India','Pakistan',216,173,'India',IND,43,'runs','Benson & Hedges World Cup','Pakistan'
'404',1992,'Australia/New Zealand','League','Day','New Zealand','Zimbabwe',162,105,'New Zealand',NZ,48,'runs','Benson & Hedges World Cup','Pakistan'
'406',1992,'Australia/New Zealand','League','Day','South Africa','Sri Lanka',195,198,'Sri Lanka',SRI,3,'wickets','Benson & Hedges World Cup','Pakistan'
'407',1992,'Australia/New Zealand','League','Day','Australia','India',237,234,'Australia',AUS,1,'runs','Benson & Hedges World Cup','Pakistan'
'408',1992,'Australia/New Zealand','League','Day','West Indies','Zimbabwe',264,189,'West Indies',WIN,75,'runs','Benson & Hedges World Cup','Pakistan'
'409',1992,'Australia/New Zealand','League','Day','South Africa','New Zealand',190,191,'New Zealand',NZ,7,'wickets','Benson & Hedges World Cup','Pakistan'
'411',1992,'Australia/New Zealand','League','Day Night','West Indies','England',157,160,'England',ENG,6,'wickets','Benson & Hedges World Cup','Pakistan'
'412',1992,'Australia/New Zealand','League','Day','Pakistan','Zimbabwe',254,201,'Pakistan',PAK,53,'runs','Benson & Hedges World Cup','Pakistan'
'413',1992,'Australia/New Zealand','League','Day Night','Australia','South Africa',170,171,'South Africa',SAF,9,'wickets','Benson & Hedges World Cup','Pakistan'
'414',1992,'Australia/New Zealand','League','Day','Sri Lanka','New Zealand',206,210,'New Zealand',NZ,6,'wickets','Benson & Hedges World Cup','Pakistan'
'415',1992,'Australia/New Zealand','League','Day','Pakistan','West Indies',220,221,'West Indies',WIN,10,'wickets','Benson & Hedges World Cup','Pakistan'
'416',1992,'Australia/New Zealand','League','Day Night','England','India',236,227,'England',ENG,9,'runs','Benson & Hedges World Cup','Pakistan'
'417',1992,'Australia/New Zealand','League','Day','Zimbabwe','Sri Lanka',312,313,'Sri Lanka',SRI,3,'wickets','Benson & Hedges World Cup','Pakistan'
'418',1992,'Australia/New Zealand','League','Day','New Zealand','Australia',248,211,'New Zealand',NZ,37,'runs','Benson & Hedges World Cup','Pakistan'
'419',1987,'India/Pakistan','Final','Day','Australia','England',253,246,'Australia',AUS,7,'runs','Reliance World Cup','Australia'
'420',1987,'India/Pakistan','2nd Semi-Final','Day','England','India',254,219,'England',ENG,35,'runs','Reliance World Cup','Australia'
'421',1987,'India/Pakistan','1st Semi-Final','Day','Australia','Pakistan',267,249,'Australia',AUS,18,'runs','Reliance World Cup','Australia'
'422',1987,'India/Pakistan','League','Day','New Zealand','India',221,224,'India',IND,9,'wickets','Reliance World Cup','Australia'
'423',1987,'India/Pakistan','League','Day','West Indies','Pakistan',258,230,'West Indies',WIN,28,'runs','Reliance World Cup','Australia'
'424',1987,'India/Pakistan','League','Day','Australia','Zimbabwe',266,196,'Australia',AUS,70,'runs','Reliance World Cup','Australia'
'425',1987,'India/Pakistan','League','Day','Sri Lanka','England',218,219,'England',ENG,8,'wickets','Reliance World Cup','Australia'
'426',1987,'India/Pakistan','League','Day','Australia','New Zealand',251,234,'Australia',AUS,17,'runs','Reliance World Cup','Australia'
'427',1987,'India/Pakistan','League','Day','Zimbabwe','India',191,194,'India',IND,7,'wickets','Reliance World Cup','Australia'
'428',1987,'India/Pakistan','League','Day','England','West Indies',269,235,'England',ENG,34,'runs','Reliance World Cup','Australia'
'429',1987,'India/Pakistan','League','Day','Pakistan','Sri Lanka',297,184,'Pakistan',PAK,113,'runs','Reliance World Cup','Australia'
'430',1987,'India/Pakistan','League','Day','Zimbabwe','New Zealand',227,228,'New Zealand',NZ,4,'wickets','Reliance World Cup','Australia'
'431',1987,'India/Pakistan','League','Day','India','Australia',289,233,'India',IND,56,'runs','Reliance World Cup','Australia'
'432',1987,'India/Pakistan','League','Day','West Indies','Sri Lanka',236,211,'West Indies',WIN,25,'runs','Reliance World Cup','Australia'
'433',1987,'India/Pakistan','League','Day','England','Pakistan',244,247,'Pakistan',PAK,7,'wickets','Reliance World Cup','Australia'
'434',1987,'India/Pakistan','League','Day','Australia','New Zealand',199,196,'Australia',AUS,3,'runs','Reliance World Cup','Australia'
'435',1987,'India/Pakistan','League','Day','England','Sri Lanka',296,158,'England',ENG,108,'runs','Reliance World Cup','Australia'
'436',1987,'India/Pakistan','League','Day','Zimbabwe','India',135,136,'India',IND,8,'wickets','Reliance World Cup','Australia'
'437',1987,'India/Pakistan','League','Day','West Indies','Pakistan',216,217,'Pakistan',PAK,1,'wickets','Reliance World Cup','Australia'
'438',1987,'India/Pakistan','League','Day','India','New Zealand',252,236,'India',IND,16,'runs','Reliance World Cup','Australia'
'439',1987,'India/Pakistan','League','Day','Australia','Zimbabwe',235,139,'Australia',AUS,96,'runs','Reliance World Cup','Australia'
'440',1987,'India/Pakistan','League','Day','West Indies','Sri Lanka',360,169,'West Indies',WIN,191,'runs','Reliance World Cup','Australia'
'441',1987,'India/Pakistan','League','Day','Pakistan','England',239,221,'Pakistan',PAK,18,'runs','Reliance World Cup','Australia'
'442',1987,'India/Pakistan','League','Day','New Zealand','Zimbabwe',242,239,'New Zealand',NZ,3,'runs','Reliance World Cup','Australia'
'443',1987,'India/Pakistan','League','Day','West Indies','England',243,246,'England',ENG,2,'wickets','Reliance World Cup','Australia'
'444',1987,'India/Pakistan','League','Day','Australia','India',270,269,'Australia',AUS,1,'runs','Reliance World Cup','Australia'
'445',1987,'India/Pakistan','League','Day','Pakistan','Sri Lanka',267,252,'Pakistan',PAK,15,'runs','Reliance World Cup','Australia'
'446',1983,'England','Final','Day','India','West Indies',183,140,'India',IND,43,'runs','Prudential World Cup','India'
'447',1983,'England','1st Semi-Final','Day','England','India',213,217,'India',IND,6,'wickets','Prudential World Cup','India'
'448',1983,'England','2nd Semi-Final','Day','Pakistan','West Indies',184,188,'West Indies',WIN,8,'wickets','Prudential World Cup','India'
'449',1983,'England','League','Day','India','Australia',247,129,'India',IND,118,'runs','Prudential World Cup','India'
'450',1983,'England','League','Day','Zimbabwe','West Indies',171,172,'West Indies',WIN,10,'wickets','Prudential World Cup','India'
'451',1983,'England','League','Day','Pakistan','New Zealand',261,250,'Pakistan',PAK,11,'runs','Prudential World Cup','India'
'452',1983,'England','League','Day','Sri Lanka','England',136,137,'England',ENG,9,'wickets','Prudential World Cup','India'
'453',1983,'England','League','Day','India','Zimbabwe',266,235,'India',IND,31,'runs','Prudential World Cup','India'
'454',1983,'England','League','Day','New Zealand','Sri Lanka',181,184,'Sri Lanka',SRI,3,'wickets','Prudential World Cup','India'
'455',1983,'England','League','Day','Pakistan','England',232,233,'England',ENG,7,'wickets','Prudential World Cup','India'
'456',1983,'England','League','Day','Australia','West Indies',273,276,'West Indies',WIN,7,'wickets','Prudential World Cup','India'
'457',1983,'England','League','Day','Pakistan','Sri Lanka',235,224,'Pakistan',PAK,11,'runs','Prudential World Cup','India'
'458',1983,'England','League','Day','Australia','Zimbabwe',272,240,'Australia',AUS,32,'runs','Prudential World Cup','India'
'459',1983,'England','League','Day','West Indies','India',282,216,'West Indies',WIN,66,'runs','Prudential World Cup','India'
'460',1983,'England','League','Day','England','New Zealand',234,238,'New Zealand',NZ,2,'wickets','Prudential World Cup','India'
'461',1983,'England','League','Day','Sri Lanka','New Zealand',206,209,'New Zealand',NZ,5,'wickets','Prudential World Cup','India'
'462',1983,'England','League','Day','Pakistan','England',193,199,'England',ENG,8,'wickets','Prudential World Cup','India'
'463',1983,'England','League','Day','Zimbabwe','West Indies',217,218,'West Indies',WIN,8,'wickets','Prudential World Cup','India'
'464',1983,'England','League','Day','Australia','India',320,158,'Australia',AUS,162,'runs','Prudential World Cup','India'
'465',1983,'England','League','Day','Zimbabwe','India',155,157,'India',IND,5,'wickets','Prudential World Cup','India'
'466',1983,'England','League','Day','England','Sri Lanka',333,286,'England',ENG,47,'runs','Prudential World Cup','India'
'467',1983,'England','League','Day','New Zealand','Pakistan',238,186,'New Zealand',NZ,52,'runs','Prudential World Cup','India'
'468',1983,'England','League','Day','West Indies','Australia',252,151,'West Indies',WIN,101,'runs','Prudential World Cup','India'
'469',1983,'England','League','Day','England','New Zealand',322,216,'England',ENG,106,'runs','Prudential World Cup','India'
'470',1983,'England','League','Day','Zimbabwe','Australia',239,226,'Zimbabwe',ZIM,13,'runs','Prudential World Cup','India'
'471',1983,'England','League','Day','India','West Indies',262,228,'India',IND,34,'runs','Prudential World Cup','India'
'472',1983,'England','League','Day','Pakistan','Sri Lanka',338,288,'Pakistan',PAK,50,'runs','Prudential World Cup','India'
'473',1979,'England','Final','Day','West Indies','England',286,194,'West Indies',WIN,92,'runs','Prudential World Cup','West Indies'
'474',1979,'England','1st Semi-Final','Day','England','New Zealand',221,212,'England',ENG,9,'runs','Prudential World Cup','West Indies'
'475',1979,'England','2nd Semi-Final','Day','West Indies','Pakistan',293,250,'West Indies',WIN,43,'runs','Prudential World Cup','West Indies'
'476',1979,'England','League','Day','England','Pakistan',165,151,'England',ENG,14,'runs','Prudential World Cup','West Indies'
'477',1979,'England','League','Day','Canada','Australia',105,106,'Australia',AUS,7,'wickets','Prudential World Cup','West Indies'
'478',1979,'England','League','Day','West Indies','New Zealand',244,212,'West Indies',WIN,32,'runs','Prudential World Cup','West Indies'
'479',1979,'England','League','Day','Sri Lanka','India',238,191,'Sri Lanka',SRI,47,'runs','Prudential World Cup','West Indies'
'480',1979,'England','League','Day','Canada','England',45,46,'England',ENG,8,'wickets','Prudential World Cup','West Indies'
'482',1979,'England','League','Day','India','New Zealand',182,183,'New Zealand',NZ,8,'wickets','Prudential World Cup','West Indies'
'483',1979,'England','League','Day','Pakistan','Australia',286,197,'Pakistan',PAK,89,'runs','Prudential World Cup','West Indies'
'484',1979,'England','League','Day','India','West Indies',190,194,'West Indies',WIN,9,'wickets','Prudential World Cup','West Indies'
'485',1979,'England','League','Day','Sri Lanka','New Zealand',189,190,'New Zealand',NZ,9,'wickets','Prudential World Cup','West Indies'
'486',1979,'England','League','Day','Australia','England',159,160,'England',ENG,6,'wickets','Prudential World Cup','West Indies'
'487',1979,'England','League','Day','Canada','Pakistan',139,140,'Pakistan',PAK,8,'wickets','Prudential World Cup','West Indies'
'488',1975,'England','Final','Day','West Indies','Australia',291,274,'West Indies',WIN,17,'runs','Prudential World Cup','West Indies'
'489',1975,'England','2nd Semi-Final','Day','New Zealand','West Indies',158,159,'West Indies',WIN,5,'wickets','Prudential World Cup','West Indies'
'490',1975,'England','1st Semi-Final','Day','England','Australia',93,94,'Australia',AUS,4,'wickets','Prudential World Cup','West Indies'
'491',1975,'England','League','Day','India','New Zealand',230,233,'New Zealand',NZ,4,'wickets','Prudential World Cup','West Indies'
'492',1975,'England','League','Day','Australia','West Indies',192,195,'West Indies',WIN,7,'wickets','Prudential World Cup','West Indies'
'493',1975,'England','League','Day','Pakistan','Sri Lanka',330,138,'Pakistan',PAK,192,'runs','Prudential World Cup','West Indies'
'494',1975,'England','League','Day','England','East Africa',290,94,'England',ENG,196,'runs','Prudential World Cup','West Indies'
'495',1975,'England','League','Day','Pakistan','West Indies',266,267,'West Indies',WIN,1,'wickets','Prudential World Cup','West Indies'
'496',1975,'England','League','Day','Australia','Sri Lanka',328,276,'Australia',AUS,52,'runs','Prudential World Cup','West Indies'
'497',1975,'England','League','Day','East Africa','India',120,123,'India',IND,10,'wickets','Prudential World Cup','West Indies'
'498',1975,'England','League','Day','England','New Zealand',266,186,'England',ENG,80,'runs','Prudential World Cup','West Indies'
'499',1975,'England','League','Day','England','India',334,132,'England',ENG,202,'runs','Prudential World Cup','West Indies'
'500',1975,'England','League','Day','Sri Lanka','West Indies',86,87,'West Indies',WIN,9,'wickets','Prudential World Cup','West Indies'
'501',1975,'England','League','Day','Australia','Pakistan',278,205,'Australia',AUS,73,'runs','Prudential World Cup','West Indies'
'502',1975,'England','League','Day','New Zealand','East Africa',309,128,'New Zealand',NZ,181,'runs','Prudential World Cup','West Indies'